{
  "$schema": "../gen/schemas/desktop-schema.json",
  "identifier": "default",
  "description": "Default capabilities for Code AI Assistant",
  "windows": ["main"],
  "permissions": [
    "core:default",
    "core:window:default",
    "core:window:allow-create",
    "core:window:allow-close",
    "core:window:allow-center",
    "core:window:allow-set-title",
    "core:window:allow-set-size",
    "core:window:allow-set-min-size",
    "core:window:allow-set-max-size",
    "core:window:allow-set-position",
    "core:window:allow-set-fullscreen",
    "core:window:allow-set-focus",
    "core:window:allow-maximize",
    "core:window:allow-minimize",
    "core:window:allow-unmaximize",
    "core:window:allow-show",
    "core:window:allow-hide",
    "core:event:default",
    "core:event:allow-listen",
    "core:event:allow-emit",
    "core:event:allow-emit-to",
    "core:path:default",
    "core:path:allow-resolve",
    "core:app:default",
    "core:app:allow-version",
    "core:app:allow-name",
    "core:app:allow-tauri-version",
    "dialog:default",
    "dialog:allow-open",
    "dialog:allow-save",
    "dialog:allow-message",
    "dialog:allow-ask",
    "dialog:allow-confirm",
    "fs:default",
    "fs:allow-read-text-file",
    "fs:allow-read-file",
    "fs:allow-write-text-file",
    "fs:allow-write-file",
    "fs:allow-read-dir",
    "fs:allow-exists",
    "fs:allow-mkdir",
    "fs:allow-remove",
    "shell:default",
    "shell:allow-open",
    "shell:allow-execute",
    "process:default",
    "process:allow-restart"
  ]
}
